{"cameraMode":{"drawMode":0,"name":"Shaded","section":"Shading Mode"},"sceneLighting":false,"audioPlay":false,"sceneViewState":{"showFog":true,"showMaterialUpdate":false,"showSkybox":true,"showFlares":true,"showImageEffects":true,"showParticleSystems":true},"in2DMode":false,"pivot":{"x":1.871999979019165,"y":1.121000051498413,"z":1.7920000553131104},"rotation":{"x":-0.19024813175201417,"y":-0.6362481713294983,"z":0.16608691215515138,"w":-0.728978157043457},"size":4.041658401489258,"orthographic":false}