{"cameraMode":{"drawMode":0,"name":"Shaded","section":"Shading Mode"},"sceneLighting":false,"audioPlay":false,"sceneViewState":{"showFog":true,"showMaterialUpdate":false,"showSkybox":true,"showFlares":true,"showImageEffects":true,"showParticleSystems":true},"in2DMode":false,"pivot":{"x":-0.022992193698883058,"y":0.03754723072052002,"z":0.038879990577697757},"rotation":{"x":-0.10845032334327698,"y":0.659045398235321,"z":-0.09685670584440232,"w":-0.7379136085510254},"size":3.238983154296875,"orthographic":false}