{"cameraMode":{"drawMode":0,"name":"Shaded","section":"Shading Mode"},"sceneLighting":false,"audioPlay":false,"sceneViewState":{"showFog":true,"showMaterialUpdate":false,"showSkybox":true,"showFlares":true,"showImageEffects":true,"showParticleSystems":true},"in2DMode":false,"pivot":{"x":0.0,"y":0.4068217873573303,"z":1.4901161193847657e-7},"rotation":{"x":-0.009434355422854424,"y":0.9488616585731506,"z":-0.31426265835762026,"w":-0.02848856709897518},"size":1.7335208654403687,"orthographic":false}