{"cameraMode":{"drawMode":0,"name":"Shaded","section":"Shading Mode"},"sceneLighting":false,"audioPlay":false,"sceneViewState":{"showFog":true,"showMaterialUpdate":false,"showSkybox":true,"showFlares":true,"showImageEffects":true,"showParticleSystems":true},"in2DMode":false,"pivot":{"x":216.35421752929688,"y":157.77999877929688,"z":25.540000915527345},"rotation":{"x":-0.4155210554599762,"y":-0.1545756757259369,"z":0.07188795506954193,"w":-0.8934655785560608},"size":20.005186080932618,"orthographic":false}