{"cameraMode":{"drawMode":0,"name":"Shaded","section":"Shading Mode"},"sceneLighting":false,"audioPlay":false,"sceneViewState":{"showFog":true,"showMaterialUpdate":false,"showSkybox":true,"showFlares":true,"showImageEffects":true,"showParticleSystems":true},"in2DMode":false,"pivot":{"x":1.1920928955078126e-7,"y":0.6612554788589478,"z":0.0},"rotation":{"x":-0.16313233971595765,"y":-0.7539604306221008,"z":0.20406001806259156,"w":-0.602736234664917},"size":5.3724775314331059,"orthographic":false}