{"cameraMode":{"drawMode":0,"name":"Shaded","section":"Shading Mode"},"sceneLighting":false,"audioPlay":false,"sceneViewState":{"showFog":true,"showMaterialUpdate":false,"showSkybox":true,"showFlares":true,"showImageEffects":true,"showParticleSystems":true},"in2DMode":false,"pivot":{"x":0.2240370362997055,"y":0.9655741453170776,"z":-0.1906348466873169},"rotation":{"x":-0.012114881537854672,"y":0.9671751260757446,"z":-0.249439999461174,"w":-0.04696008190512657},"size":4.487369060516357,"orthographic":false}