{"cameraMode":{"drawMode":0,"name":"Shaded","section":"Shading Mode"},"sceneLighting":false,"audioPlay":false,"sceneViewState":{"showFog":true,"showMaterialUpdate":false,"showSkybox":true,"showFlares":true,"showImageEffects":true,"showParticleSystems":true},"in2DMode":false,"pivot":{"x":119.07341766357422,"y":-65.10887908935547,"z":-100.55744934082031},"rotation":{"x":-0.23866355419158936,"y":-0.5993454456329346,"z":0.19351613521575929,"w":-0.7391726970672607},"size":189.51744079589845,"orthographic":false}