{"cameraMode":{"drawMode":0,"name":"Shaded","section":"Shading Mode"},"sceneLighting":false,"audioPlay":false,"sceneViewState":{"showFog":true,"showMaterialUpdate":false,"showSkybox":true,"showFlares":true,"showImageEffects":true,"showParticleSystems":true},"in2DMode":false,"pivot":{"x":-11.42251205444336,"y":-35.89326477050781,"z":131.36968994140626},"rotation":{"x":0.2636440396308899,"y":-0.5274483561515808,"z":0.1764412224292755,"w":0.7881361842155457},"size":83.09487915039063,"orthographic":false}