{"cameraMode":{"drawMode":0,"name":"Shaded","section":"Shading Mode"},"sceneLighting":false,"audioPlay":false,"sceneViewState":{"showFog":true,"showMaterialUpdate":false,"showSkybox":true,"showFlares":true,"showImageEffects":true,"showParticleSystems":true},"in2DMode":false,"pivot":{"x":-0.018085479736328126,"y":2.708629608154297,"z":0.008142471313476563},"rotation":{"x":0.21479293704032899,"y":0.3775433897972107,"z":-0.09049942344427109,"w":0.8961779475212097},"size":6.136488437652588,"orthographic":false}