{"cameraMode":{"drawMode":0,"name":"Shaded","section":"Shading Mode"},"sceneLighting":false,"audioPlay":false,"sceneViewState":{"showFog":true,"showMaterialUpdate":false,"showSkybox":true,"showFlares":true,"showImageEffects":true,"showParticleSystems":true},"in2DMode":false,"pivot":{"x":0.0,"y":0.8556099534034729,"z":-0.06515046954154968},"rotation":{"x":-0.025324583053588868,"y":0.9700852036476135,"z":-0.21174682676792146,"w":-0.11600302159786225},"size":3.867748498916626,"orthographic":false}