{"cameraMode":{"drawMode":0,"name":"Shaded","section":"Shading Mode"},"sceneLighting":false,"audioPlay":false,"sceneViewState":{"showFog":true,"showMaterialUpdate":false,"showSkybox":true,"showFlares":true,"showImageEffects":true,"showParticleSystems":true},"in2DMode":false,"pivot":{"x":-0.00000762939453125,"y":3.122772216796875,"z":0.0},"rotation":{"x":0.13815145194530488,"y":0.22202683985233308,"z":-0.03180732578039169,"w":0.9646795392036438},"size":12.504546165466309,"orthographic":false}