{"cameraMode":{"drawMode":0,"name":"Shaded","section":"Shading Mode"},"sceneLighting":false,"audioPlay":false,"sceneViewState":{"showFog":true,"showMaterialUpdate":false,"showSkybox":true,"showFlares":true,"showImageEffects":true,"showParticleSystems":true},"in2DMode":false,"pivot":{"x":0.31546783447265627,"y":2.34299635887146,"z":-0.19510269165039063},"rotation":{"x":0.11306799203157425,"y":0.6271885633468628,"z":-0.09270993620157242,"w":0.7650196552276611},"size":7.9157304763793949,"orthographic":false}