{"cameraMode":{"drawMode":0,"name":"Shaded","section":"Shading Mode"},"sceneLighting":false,"audioPlay":false,"sceneViewState":{"showFog":false,"showMaterialUpdate":false,"showSkybox":false,"showFlares":false,"showImageEffects":false,"showParticleSystems":false},"in2DMode":false,"pivot":{"x":-0.05647897720336914,"y":0.395946741104126,"z":4.489429950714111},"rotation":{"x":0.18011660873889924,"y":0.13061212003231049,"z":-0.024147849529981614,"w":0.9746360182762146},"size":11.40311336517334,"orthographic":false}