{"cameraMode":{"drawMode":0,"name":"Shaded","section":"Shading Mode"},"sceneLighting":false,"audioPlay":false,"sceneViewState":{"showFog":true,"showMaterialUpdate":false,"showSkybox":true,"showFlares":true,"showImageEffects":true,"showParticleSystems":true},"in2DMode":false,"pivot":{"x":315.068359375,"y":156.20921325683595,"z":298.4071960449219},"rotation":{"x":0.06692945212125778,"y":-0.6394702792167664,"z":0.05602861940860748,"w":0.7638449668884277},"size":27.751550674438478,"orthographic":false}