{"cameraMode":{"drawMode":0,"name":"Shaded","section":"Shading Mode"},"sceneLighting":false,"audioPlay":false,"sceneViewState":{"showFog":true,"showMaterialUpdate":false,"showSkybox":true,"showFlares":true,"showImageEffects":true,"showParticleSystems":true},"in2DMode":false,"pivot":{"x":1014.33349609375,"y":455.0,"z":22.658613204956056},"rotation":{"x":-0.2144254595041275,"y":0.16491404175758363,"z":-0.03679390624165535,"w":-0.9620142579078674},"size":3669.402587890625,"orthographic":false}