{"cameraMode":{"drawMode":0,"name":"Shaded","section":"Shading Mode"},"sceneLighting":false,"audioPlay":false,"sceneViewState":{"showFog":true,"showMaterialUpdate":false,"showSkybox":true,"showFlares":true,"showImageEffects":true,"showParticleSystems":true},"in2DMode":false,"pivot":{"x":0.003719329833984375,"y":1.7410531044006348,"z":-0.03933137655258179},"rotation":{"x":0.2990361452102661,"y":0.36648431420326235,"z":-0.12567393481731416,"w":0.8720508813858032},"size":7.384092807769775,"orthographic":false}