{"cameraMode":{"drawMode":0,"name":"Shaded","section":"Shading Mode"},"sceneLighting":true,"audioPlay":false,"sceneViewState":{"showFog":true,"showMaterialUpdate":false,"showSkybox":true,"showFlares":true,"showImageEffects":true,"showParticleSystems":true},"in2DMode":false,"pivot":{"x":123.1461181640625,"y":9.316457748413086,"z":-141.92425537109376},"rotation":{"x":-0.05273241922259331,"y":0.39113283157348635,"z":-0.022452400997281076,"w":-0.9185479879379273},"size":29.86931037902832,"orthographic":false}