{"cameraMode":{"drawMode":0,"name":"Shaded","section":"Shading Mode"},"sceneLighting":false,"audioPlay":false,"sceneViewState":{"showFog":true,"showMaterialUpdate":false,"showSkybox":true,"showFlares":true,"showImageEffects":true,"showParticleSystems":true},"in2DMode":false,"pivot":{"x":-1.1226541996002198,"y":2.2955286502838136,"z":1.2089385986328126},"rotation":{"x":0.1164538562297821,"y":-0.02113659679889679,"z":0.0024682614021003248,"w":0.9929681420326233},"size":12.430599212646485,"orthographic":false}