{"cameraMode":{"drawMode":0,"name":"Shaded","section":"Shading Mode"},"sceneLighting":false,"audioPlay":false,"sceneViewState":{"showFog":true,"showMaterialUpdate":false,"showSkybox":true,"showFlares":true,"showImageEffects":true,"showParticleSystems":true},"in2DMode":false,"pivot":{"x":-0.07804751396179199,"y":0.041197776794433597,"z":0.6849455833435059},"rotation":{"x":0.16375121474266053,"y":-0.207800030708313,"z":0.035334836691617969,"w":0.9637199640274048},"size":22.0,"orthographic":false}