{"cameraMode":{"drawMode":0,"name":"Shaded","section":"Shading Mode"},"sceneLighting":false,"audioPlay":false,"sceneViewState":{"showFog":true,"showMaterialUpdate":false,"showSkybox":true,"showFlares":true,"showImageEffects":true,"showParticleSystems":true},"in2DMode":false,"pivot":{"x":-0.0619964599609375,"y":2.1486048698425295,"z":-0.06551837921142578},"rotation":{"x":0.11306799203157425,"y":0.6271885633468628,"z":-0.09270993620157242,"w":0.7650196552276611},"size":7.948667526245117,"orthographic":false}