{"cameraMode":{"drawMode":0,"name":"Shaded","section":"Shading Mode"},"sceneLighting":false,"audioPlay":false,"sceneViewState":{"showFog":true,"showMaterialUpdate":false,"showSkybox":true,"showFlares":true,"showImageEffects":true,"showParticleSystems":true},"in2DMode":false,"pivot":{"x":0.057285308837890628,"y":1.6251081228256226,"z":-0.06345272064208985},"rotation":{"x":0.11306799203157425,"y":0.6271885633468628,"z":-0.09270993620157242,"w":0.7650196552276611},"size":5.627878665924072,"orthographic":false}