{"cameraMode":{"drawMode":0,"name":"Shaded","section":"Shading Mode"},"sceneLighting":false,"audioPlay":false,"sceneViewState":{"showFog":true,"showMaterialUpdate":false,"showSkybox":true,"showFlares":true,"showImageEffects":true,"showParticleSystems":true},"in2DMode":false,"pivot":{"x":1.0620779991149903,"y":0.9747889041900635,"z":-0.5300374031066895},"rotation":{"x":-0.0065230149775743488,"y":0.9747623205184937,"z":-0.22129839658737184,"w":-0.028687000274658204},"size":9.174020767211914,"orthographic":false}