{"cameraMode":{"drawMode":0,"name":"Shaded","section":"Shading Mode"},"sceneLighting":false,"audioPlay":false,"sceneViewState":{"showFog":true,"showMaterialUpdate":false,"showSkybox":true,"showFlares":true,"showImageEffects":true,"showParticleSystems":true},"in2DMode":false,"pivot":{"x":0.030096054077148439,"y":0.2825591564178467,"z":0.01248931884765625},"rotation":{"x":0.14661288261413575,"y":0.052244797348976138,"z":-0.007757139857858419,"w":0.987782895565033},"size":1.6715141534805298,"orthographic":false}