{"cameraMode":{"drawMode":0,"name":"Shaded","section":"Shading Mode"},"sceneLighting":false,"audioPlay":false,"sceneViewState":{"showFog":true,"showMaterialUpdate":false,"showSkybox":true,"showFlares":true,"showImageEffects":true,"showParticleSystems":true},"in2DMode":false,"pivot":{"x":84.90591430664063,"y":100.16329956054688,"z":127.66912078857422},"rotation":{"x":-0.3125661611557007,"y":0.6356933116912842,"z":-0.314435213804245,"w":-0.6319231986999512},"size":47.551204681396487,"orthographic":false}