{"cameraMode":{"drawMode":0,"name":"Shaded","section":"Shading Mode"},"sceneLighting":false,"audioPlay":false,"sceneViewState":{"showFog":true,"showMaterialUpdate":false,"showSkybox":true,"showFlares":true,"showImageEffects":true,"showParticleSystems":true},"in2DMode":false,"pivot":{"x":0.2035529613494873,"y":3.886366844177246,"z":0.08342361450195313},"rotation":{"x":0.15082041919231416,"y":0.46802404522895815,"z":-0.08143669366836548,"w":0.8669341206550598},"size":21.290584564208986,"orthographic":false}