{"cameraMode":{"drawMode":0,"name":"Shaded","section":"Shading Mode"},"sceneLighting":false,"audioPlay":false,"sceneViewState":{"showFog":true,"showMaterialUpdate":false,"showSkybox":true,"showFlares":true,"showImageEffects":true,"showParticleSystems":true},"in2DMode":false,"pivot":{"x":74.02003479003906,"y":418.3052978515625,"z":-245.13467407226563},"rotation":{"x":-0.14507535099983216,"y":0.8433812260627747,"z":-0.2821565270423889,"w":-0.4336460530757904},"size":18.032957077026368,"orthographic":false}