{"cameraMode":{"drawMode":0,"name":"Shaded","section":"Shading Mode"},"sceneLighting":false,"audioPlay":false,"sceneViewState":{"showFog":true,"showMaterialUpdate":false,"showSkybox":true,"showFlares":true,"showImageEffects":true,"showParticleSystems":true},"in2DMode":false,"pivot":{"x":95.52913665771485,"y":96.84291076660156,"z":190.53512573242188},"rotation":{"x":0.3503067195415497,"y":-0.33572685718536379,"z":0.13614684343338014,"w":0.8637341856956482},"size":178.1983642578125,"orthographic":false}