{"cameraMode":{"drawMode":0,"name":"Shaded","section":"Shading Mode"},"sceneLighting":false,"audioPlay":false,"sceneViewState":{"showFog":true,"showMaterialUpdate":false,"showSkybox":true,"showFlares":true,"showImageEffects":true,"showParticleSystems":true},"in2DMode":false,"pivot":{"x":0.04271078109741211,"y":3.1904287338256838,"z":1.6148638725280762},"rotation":{"x":0.22151298820972444,"y":-0.6082274317741394,"z":0.18200385570526124,"w":0.740179717540741},"size":41.285160064697269,"orthographic":false}