{"cameraMode":{"drawMode":0,"name":"Shaded","section":"Shading Mode"},"sceneLighting":false,"audioPlay":false,"sceneViewState":{"showFog":true,"showMaterialUpdate":false,"showSkybox":true,"showFlares":true,"showImageEffects":true,"showParticleSystems":true},"in2DMode":false,"pivot":{"x":160.55853271484376,"y":155.177001953125,"z":43.804473876953128},"rotation":{"x":0.07972869277000427,"y":0.0021247188560664655,"z":-0.000103287587990053,"w":0.9968143701553345},"size":5.14523458480835,"orthographic":false}