{"cameraMode":{"drawMode":0,"name":"Shaded","section":"Shading Mode"},"sceneLighting":false,"audioPlay":false,"sceneViewState":{"showFog":true,"showMaterialUpdate":false,"showSkybox":true,"showFlares":true,"showImageEffects":true,"showParticleSystems":true},"in2DMode":false,"pivot":{"x":0.008962949737906456,"y":0.9267508387565613,"z":-0.7138059139251709},"rotation":{"x":-0.00039851677138358355,"y":0.9953485727310181,"z":-0.09625222533941269,"w":-0.004090819973498583},"size":2.859137535095215,"orthographic":false}