{"cameraMode":{"drawMode":0,"name":"Shaded","section":"Shading Mode"},"sceneLighting":false,"audioPlay":false,"sceneViewState":{"showFog":false,"showMaterialUpdate":false,"showSkybox":false,"showFlares":false,"showImageEffects":false,"showParticleSystems":false},"in2DMode":false,"pivot":{"x":1.3097801208496094,"y":7.051540374755859,"z":-0.07207202911376953},"rotation":{"x":0.11306799203157425,"y":0.6271885633468628,"z":-0.09270993620157242,"w":0.7650196552276611},"size":26.760231018066408,"orthographic":false}