{"cameraMode":{"drawMode":0,"name":"Shaded","section":"Shading Mode"},"sceneLighting":false,"audioPlay":false,"sceneViewState":{"showFog":true,"showMaterialUpdate":false,"showSkybox":true,"showFlares":true,"showImageEffects":true,"showParticleSystems":true},"in2DMode":false,"pivot":{"x":-137.76596069335938,"y":9.54042911529541,"z":159.44406127929688},"rotation":{"x":0.07442502677440644,"y":-0.9247212409973145,"z":0.24230583012104035,"w":0.28397080302238467},"size":42.62739181518555,"orthographic":false}