{"cameraMode":{"drawMode":0,"name":"Shaded","section":"Shading Mode"},"sceneLighting":false,"audioPlay":false,"sceneViewState":{"showFog":true,"showMaterialUpdate":false,"showSkybox":true,"showFlares":true,"showImageEffects":true,"showParticleSystems":true},"in2DMode":false,"pivot":{"x":0.0000019073486328125,"y":0.9834012985229492,"z":9.5367431640625e-7},"rotation":{"x":-0.17196933925151826,"y":0.6439019441604614,"z":-0.15169796347618104,"w":-0.7299346923828125},"size":9.539029121398926,"orthographic":false}