{"cameraMode":{"drawMode":0,"name":"Shaded","section":"Shading Mode"},"sceneLighting":false,"audioPlay":false,"sceneViewState":{"showFog":true,"showMaterialUpdate":false,"showSkybox":true,"showFlares":true,"showImageEffects":true,"showParticleSystems":true},"in2DMode":false,"pivot":{"x":-0.555567741394043,"y":2.273305654525757,"z":0.01663827896118164},"rotation":{"x":0.166852667927742,"y":0.035206619650125507,"z":-0.005973089020699263,"w":0.9853349924087524},"size":10.340800285339356,"orthographic":false}