{"cameraMode":{"drawMode":0,"name":"Shaded","section":"Shading Mode"},"sceneLighting":false,"audioPlay":false,"sceneViewState":{"showFog":true,"showMaterialUpdate":false,"showSkybox":true,"showFlares":true,"showImageEffects":true,"showParticleSystems":true},"in2DMode":false,"pivot":{"x":-0.028148651123046876,"y":2.71025013923645,"z":-0.07219886779785156},"rotation":{"x":-0.2112441211938858,"y":-0.5276044011116028,"z":0.1373966485261917,"w":-0.8112531900405884},"size":6.248686790466309,"orthographic":false}