{"cameraMode":{"drawMode":0,"name":"Shaded","section":"Shading Mode"},"sceneLighting":false,"audioPlay":false,"sceneViewState":{"showFog":true,"showMaterialUpdate":false,"showSkybox":true,"showFlares":true,"showImageEffects":true,"showParticleSystems":true},"in2DMode":false,"pivot":{"x":296.7300109863281,"y":157.69822692871095,"z":315.510009765625},"rotation":{"x":0.1394580453634262,"y":-0.75557541847229,"z":0.17082509398460389,"w":0.6168273687362671},"size":14.27279281616211,"orthographic":false}