{"cameraMode":{"drawMode":0,"name":"Shaded","section":"Shading Mode"},"sceneLighting":false,"audioPlay":false,"sceneViewState":{"showFog":true,"showMaterialUpdate":false,"showSkybox":true,"showFlares":true,"showImageEffects":true,"showParticleSystems":true},"in2DMode":false,"pivot":{"x":960.1593017578125,"y":-128.52639770507813,"z":-197.7425994873047},"rotation":{"x":0.05970175564289093,"y":-0.0029608625918626787,"z":0.00016715750098228455,"w":0.9982118606567383},"size":690.3576049804688,"orthographic":false}