{"cameraMode":{"drawMode":0,"name":"Shaded","section":"Shading Mode"},"sceneLighting":false,"audioPlay":false,"sceneViewState":{"showFog":true,"showMaterialUpdate":false,"showSkybox":true,"showFlares":true,"showImageEffects":true,"showParticleSystems":true},"in2DMode":false,"pivot":{"x":-0.028148651123046876,"y":2.71025013923645,"z":-0.07219886779785156},"rotation":{"x":-0.23525892198085786,"y":-0.7239389419555664,"z":0.29488855600357058,"w":-0.5775867104530335},"size":12.8864164352417,"orthographic":false}