{"cameraMode":{"drawMode":0,"name":"Shaded","section":"Shading Mode"},"sceneLighting":false,"audioPlay":false,"sceneViewState":{"showFog":true,"showMaterialUpdate":false,"showSkybox":true,"showFlares":true,"showImageEffects":true,"showParticleSystems":true},"in2DMode":false,"pivot":{"x":369.7455749511719,"y":147.419921875,"z":271.9976806640625},"rotation":{"x":-0.07734682410955429,"y":-0.8686965703964233,"z":0.14366690814495088,"w":-0.4677003026008606},"size":60.47407150268555,"orthographic":false}